Lat,Lon,Description,Link,Scale,Size
23.635006,-102.28643,Mexico Drug War,https://www.vice.com/en/article/wx8m5q/mexican-drug-cartels-have-turned-once-thriving-guadalajara-into-a-war-zone,2.0,2.0
7.578066,-66.168934,Instability Growing in Venezuela,https://www.bbc.com/news/world-latin-america-48121148,2.0,2.0
17.01471,-1.96469,Destabilization of Mali,https://t.co/QRWrVdacWw?amp=1,3.0,1.0
27.632434,17.33539,Libyan Civil War,https://twitter.com/i/status/1380237803007709186,2.0,2.0
9.033303,8.222744,Terrorism in Nigeria,https://www.bbc.com/news/topics/c50znx8v132t/nigeria,2.0,2.0
6.748176,21.274502,Instability Growing in Central African Republic,https://www.hrw.org/africa/central-african-republic,2.0,2.0
-1.221481,23.283774,Military Opâ€™s against Militia in Democratic Republic of Congo,https://nation.africa/kenya/news/africa/33-killed-in-dr-congo-crackdown-on-rebels-3333640,3.0,3.0
7.038232,30.323407,South Sudanese Civil War,https://en.wikipedia.org/wiki/South_Sudanese_Civil_War,2.0,2.0
3.303393,45.16022,Terrorism in Somalia,https://en.wikipedia.org/wiki/Al-Shabaab_(militant_group),3.0,3.0
29.55112,30.72389,Instability Growing in Egypt,https://carnegieendowment.org/sada/81615,2.0,2.0
39.476588,126.29969,Crisis in North Korea,https://www.newser.com/story/304752/kim-jong-un-calls-for-an-arduous-march.html,1.0,3.0
26.929515,123.09427,Military Tensions in the East China Sea,https://www.scmp.com/news/china/diplomacy/article/3127813/china-issues-strong-warning-japan-over-negative-moves-east,1.0,3.0
15.697398,114.250254,Military Tensions in the South China Sea,https://www.9news.com.au/world/south-china-sea-us-and-china-sail-aircraft-carriers-into-disputed-waters/746a8e74-b160-4efd-a44a-7c5af5a715a3,1.0,3.0
21.789702,96.02095,Military Coup in Myanmar,https://www.bbc.com/news/world-asia-55902070,1.0,3.0
34.946308,77.37496,Border Dispute India-China,https://en.wikipedia.org/wiki/2020%E2%80%932021_China%E2%80%93India_skirmishes,2.0,2.0
31.56923,74.673095,Military Conflict India vs Pakistan,https://www.dawn.com/news/1617288,2.0,2.0
30.22618,71.196591,Terrorism in Pakistan,https://www.brookings.edu/blog/order-from-chaos/2021/01/15/terrorism-in-pakistan-has-declined-but-the-underlying-roots-of-extremism-remain/,2.0,2.0
34.447325,65.884531,War in Afghanistan,https://en.wikipedia.org/wiki/War_in_Afghanistan_(2001%E2%80%93present),1.0,3.0
26.225341,55.554225,Military Tensions in Persian Gulf,https://en.wikipedia.org/wiki/2019%E2%80%932021_Persian_Gulf_crisis,1.0,3.0
33.125684,44.341708,Instability Growing in Iraq,https://en.wikipedia.org/wiki/Iraqi_conflict_(2003%E2%80%93present),2.0,2.0
35.239303,38.546542,Syrian Civil War,https://en.wikipedia.org/wiki/Syrian_civil_war,2.0,2.0
33.913216,35.778599,Destabilization starting in Lebanon,https://microsites-live-backend.cfr.org/global-conflict-tracker/conflict/political-instability-lebanon,2.0,2.0
32.018639,35.097442,Military Conflict Israel-Palestine,https://en.wikipedia.org/wiki/Israeli%E2%80%93Palestinian_conflict,2.0,2.0
39.404062,35.3859,Military Conflict Turkey-Kurdish Groups,https://en.wikipedia.org/wiki/Kurdish%E2%80%93Turkish_conflict_(1978%E2%80%93present),2.0,2.0
40.287336,45.93949,Military Conflict Armenia-Azerbaijan,https://en.wikipedia.org/wiki/Nagorno-Karabakh_conflict,3.0,1.0
45.408867,34.560095,Military Conflict Ukraine-Russia,https://en.wikipedia.org/wiki/Russo-Ukrainian_War,1.0,3.0
36.270146,-119.650223,Los Angeles Fire Department responding to a confirmed explosion,https://t.co/j4RZsZ0rVp,,
39.356961,-76.9165257,Major fire reported at an Amazon Distribution Facility in north Maryland,https://t.co/VfFh7rOi2j,,
31.21155,-99.087012,Active shooter confirmed at Lackland Air Force Base in southwest San Antonio,https://t.co/s2tAWU4bPV,,
31.21155,-99.087012,Police responding to student shot at North Forest Highschool in Houston,https://t.co/49FOxhYVB4,,
41.242098,-99.318614,Multiple people shot inside vehicle in northwest Omaha,https://t.co/scUVDKBI74,,
Lat,Lon,Description,Link,,
36.270146,-119.650223,Los Angeles Fire Department responding to a confirmed explosion,https://t.co/j4RZsZ0rVp,,
39.356961,-76.9165257,Major fire reported at an Amazon Distribution Facility in north Maryland,https://t.co/VfFh7rOi2j,,
31.21155,-99.087012,Active shooter confirmed at Lackland Air Force Base in southwest San Antonio,https://t.co/s2tAWU4bPV,,
31.21155,-99.087012,Police responding to student shot at North Forest Highschool in Houston,https://t.co/49FOxhYVB4,,
41.242098,-99.318614,Multiple people shot inside vehicle in northwest Omaha,https://t.co/scUVDKBI74,,
Lat,Lon,Description,Link,,
36.270146,-119.650223,Los Angeles Fire Department responding to a confirmed explosion,https://t.co/j4RZsZ0rVp,,
39.356961,-76.9165257,Major fire reported at an Amazon Distribution Facility in north Maryland,https://t.co/VfFh7rOi2j,,
31.21155,-99.087012,Active shooter confirmed at Lackland Air Force Base in southwest San Antonio,https://t.co/s2tAWU4bPV,,
31.21155,-99.087012,Police responding to student shot at North Forest Highschool in Houston,https://t.co/49FOxhYVB4,,
41.242098,-99.318614,Multiple people shot inside vehicle in northwest Omaha,https://t.co/scUVDKBI74,,
Lat,Lon,Description,Link,,
36.270146,-119.650223,Los Angeles Fire Department responding to a confirmed explosion,https://t.co/j4RZsZ0rVp,,
39.356961,-76.9165257,Major fire reported at an Amazon Distribution Facility in north Maryland,https://t.co/VfFh7rOi2j,,
31.21155,-99.087012,Active shooter confirmed at Lackland Air Force Base in southwest San Antonio,https://t.co/s2tAWU4bPV,,
31.21155,-99.087012,Police responding to student shot at North Forest Highschool in Houston,https://t.co/49FOxhYVB4,,
41.242098,-99.318614,Multiple people shot inside vehicle in northwest Omaha,https://t.co/scUVDKBI74,,
Lat,Lon,Description,Link,,
36.270146,-119.650223,Los Angeles Fire Department responding to a confirmed explosion,https://t.co/j4RZsZ0rVp,,
39.356961,-76.9165257,Major fire reported at an Amazon Distribution Facility in north Maryland,https://t.co/VfFh7rOi2j,,
31.21155,-99.087012,Active shooter confirmed at Lackland Air Force Base in southwest San Antonio,https://t.co/s2tAWU4bPV,,
31.21155,-99.087012,Police responding to student shot at North Forest Highschool in Houston,https://t.co/49FOxhYVB4,,
41.242098,-99.318614,Multiple people shot inside vehicle in northwest Omaha,https://t.co/scUVDKBI74,,
Lat,Lon,Description,Link,,
36.270146,-119.650223,Los Angeles Fire Department responding to a confirmed explosion,https://t.co/j4RZsZ0rVp,,
39.356961,-76.9165257,Major fire reported at an Amazon Distribution Facility in north Maryland,https://t.co/VfFh7rOi2j,,
31.21155,-99.087012,Active shooter confirmed at Lackland Air Force Base in southwest San Antonio,https://t.co/s2tAWU4bPV,,
31.21155,-99.087012,Police responding to student shot at North Forest Highschool in Houston,https://t.co/49FOxhYVB4,,
41.242098,-99.318614,Multiple people shot inside vehicle in northwest Omaha,https://t.co/scUVDKBI74,,
Lat,Lon,Description,Link,,
36.270146,-119.650223,Los Angeles Fire Department responding to a confirmed explosion,https://t.co/j4RZsZ0rVp,,
39.356961,-76.9165257,Major fire reported at an Amazon Distribution Facility in north Maryland,https://t.co/VfFh7rOi2j,,
31.21155,-99.087012,Active shooter confirmed at Lackland Air Force Base in southwest San Antonio,https://t.co/s2tAWU4bPV,,
31.21155,-99.087012,Police responding to student shot at North Forest Highschool in Houston,https://t.co/49FOxhYVB4,,
41.242098,-99.318614,Multiple people shot inside vehicle in northwest Omaha,https://t.co/scUVDKBI74,,
Lat,Lon,Description,Link,,
36.270146,-119.650223,Los Angeles Fire Department responding to a confirmed explosion,https://t.co/j4RZsZ0rVp,,
39.356961,-76.9165257,Major fire reported at an Amazon Distribution Facility in north Maryland,https://t.co/VfFh7rOi2j,,
31.21155,-99.087012,Active shooter confirmed at Lackland Air Force Base in southwest San Antonio,https://t.co/s2tAWU4bPV,,
31.21155,-99.087012,Police responding to student shot at North Forest Highschool in Houston,https://t.co/49FOxhYVB4,,
41.242098,-99.318614,Multiple people shot inside vehicle in northwest Omaha,https://t.co/scUVDKBI74,,
Lat,Lon,Description,Link,,
36.270146,-119.650223,Los Angeles Fire Department responding to a confirmed explosion,https://t.co/j4RZsZ0rVp,,
39.356961,-76.9165257,Major fire reported at an Amazon Distribution Facility in north Maryland,https://t.co/VfFh7rOi2j,,
31.21155,-99.087012,Active shooter confirmed at Lackland Air Force Base in southwest San Antonio,https://t.co/s2tAWU4bPV,,
31.21155,-99.087012,Police responding to student shot at North Forest Highschool in Houston,https://t.co/49FOxhYVB4,,
41.242098,-99.318614,Multiple people shot inside vehicle in northwest Omaha,https://t.co/scUVDKBI74,,
Lat,Lon,Description,Link,,
36.270146,-119.650223,Los Angeles Fire Department responding to a confirmed explosion,https://t.co/j4RZsZ0rVp,,
39.356961,-76.9165257,Major fire reported at an Amazon Distribution Facility in north Maryland,https://t.co/VfFh7rOi2j,,
31.21155,-99.087012,Active shooter confirmed at Lackland Air Force Base in southwest San Antonio,https://t.co/s2tAWU4bPV,,
31.21155,-99.087012,Police responding to student shot at North Forest Highschool in Houston,https://t.co/49FOxhYVB4,,
41.242098,-99.318614,Multiple people shot inside vehicle in northwest Omaha,https://t.co/scUVDKBI74,,
Lat,Lon,Description,Link,,
36.270146,-119.650223,Los Angeles Fire Department responding to a confirmed explosion,https://t.co/j4RZsZ0rVp,,
39.356961,-76.9165257,Major fire reported at an Amazon Distribution Facility in north Maryland,https://t.co/VfFh7rOi2j,,
31.21155,-99.087012,Active shooter confirmed at Lackland Air Force Base in southwest San Antonio,https://t.co/s2tAWU4bPV,,
31.21155,-99.087012,Police responding to student shot at North Forest Highschool in Houston,https://t.co/49FOxhYVB4,,
41.242098,-99.318614,Multiple people shot inside vehicle in northwest Omaha,https://t.co/scUVDKBI74,,
Lat,Lon,Description,Link,,
36.270146,-119.650223,Los Angeles Fire Department responding to a confirmed explosion,https://t.co/j4RZsZ0rVp,,
39.356961,-76.9165257,Major fire reported at an Amazon Distribution Facility in north Maryland,https://t.co/VfFh7rOi2j,,
31.21155,-99.087012,Active shooter confirmed at Lackland Air Force Base in southwest San Antonio,https://t.co/s2tAWU4bPV,,
31.21155,-99.087012,Police responding to student shot at North Forest Highschool in Houston,https://t.co/49FOxhYVB4,,
41.242098,-99.318614,Multiple people shot inside vehicle in northwest Omaha,https://t.co/scUVDKBI74,,
Lat,Lon,Description,Link,,
36.270146,-119.650223,Los Angeles Fire Department responding to a confirmed explosion,https://t.co/j4RZsZ0rVp,,
39.356961,-76.9165257,Major fire reported at an Amazon Distribution Facility in north Maryland,https://t.co/VfFh7rOi2j,,
31.21155,-99.087012,Active shooter confirmed at Lackland Air Force Base in southwest San Antonio,https://t.co/s2tAWU4bPV,,
31.21155,-99.087012,Police responding to student shot at North Forest Highschool in Houston,https://t.co/49FOxhYVB4,,
41.242098,-99.318614,Multiple people shot inside vehicle in northwest Omaha,https://t.co/scUVDKBI74,,
Lat,Lon,Description,Link,,
36.270146,-119.650223,Los Angeles Fire Department responding to a confirmed explosion,https://t.co/j4RZsZ0rVp,,
39.356961,-76.9165257,Major fire reported at an Amazon Distribution Facility in north Maryland,https://t.co/VfFh7rOi2j,,
31.21155,-99.087012,Active shooter confirmed at Lackland Air Force Base in southwest San Antonio,https://t.co/s2tAWU4bPV,,
31.21155,-99.087012,Police responding to student shot at North Forest Highschool in Houston,https://t.co/49FOxhYVB4,,
41.242098,-99.318614,Multiple people shot inside vehicle in northwest Omaha,https://t.co/scUVDKBI74,,
Lat,Lon,Description,Link,,
36.270146,-119.650223,Los Angeles Fire Department responding to a confirmed explosion,https://t.co/j4RZsZ0rVp,,
39.356961,-76.9165257,Major fire reported at an Amazon Distribution Facility in north Maryland,https://t.co/VfFh7rOi2j,,
31.21155,-99.087012,Active shooter confirmed at Lackland Air Force Base in southwest San Antonio,https://t.co/s2tAWU4bPV,,
31.21155,-99.087012,Police responding to student shot at North Forest Highschool in Houston,https://t.co/49FOxhYVB4,,
41.242098,-99.318614,Multiple people shot inside vehicle in northwest Omaha,https://t.co/scUVDKBI74,,
Lat,Lon,Description,Link,,
36.270146,-119.650223,Los Angeles Fire Department responding to a confirmed explosion,https://t.co/j4RZsZ0rVp,,
39.356961,-76.9165257,Major fire reported at an Amazon Distribution Facility in north Maryland,https://t.co/VfFh7rOi2j,,
31.21155,-99.087012,Active shooter confirmed at Lackland Air Force Base in southwest San Antonio,https://t.co/s2tAWU4bPV,,
31.21155,-99.087012,Police responding to student shot at North Forest Highschool in Houston,https://t.co/49FOxhYVB4,,
Lat,Lon,Description,Link,,
36.270146,-119.650223,Los Angeles Fire Department responding to a confirmed explosion,https://t.co/j4RZsZ0rVp,,
39.356961,-76.9165257,Major fire reported at an Amazon Distribution Facility in north Maryland,https://t.co/VfFh7rOi2j,,
31.21155,-99.087012,Active shooter confirmed at Lackland Air Force Base in southwest San Antonio,https://t.co/s2tAWU4bPV,,
31.21155,-99.087012,Police responding to student shot at North Forest Highschool in Houston,https://t.co/49FOxhYVB4,,
Lat,Lon,Description,Link,,
36.270146,-119.650223,Police respond to shots fired in downtown San Francisco,https://t.co/AsReTo6fTX,,
36.270146,-119.650223,Los Angeles Fire Department responding to a confirmed explosion,https://t.co/j4RZsZ0rVp,,
39.356961,-76.9165257,Major fire reported at an Amazon Distribution Facility in north Maryland,https://t.co/VfFh7rOi2j,,
31.21155,-99.087012,Active shooter confirmed at Lackland Air Force Base in southwest San Antonio,https://t.co/s2tAWU4bPV,,
31.21155,-99.087012,Police responding to student shot at North Forest Highschool in Houston,https://t.co/49FOxhYVB4,,
Lat,Lon,Description,Link,,
32.876795,-83.483814,Police responding to reports of gunfire at Southlake Mall in Georgia,https://t.co/a0jW4tQakg,,
36.270146,-119.650223,Police respond to shots fired in downtown San Francisco,https://t.co/AsReTo6fTX,,
36.270146,-119.650223,Los Angeles Fire Department responding to a confirmed explosion,https://t.co/j4RZsZ0rVp,,
39.356961,-76.9165257,Major fire reported at an Amazon Distribution Facility in north Maryland,https://t.co/VfFh7rOi2j,,
31.21155,-99.087012,Active shooter confirmed at Lackland Air Force Base in southwest San Antonio,https://t.co/s2tAWU4bPV,,
31.21155,-99.087012,Police responding to student shot at North Forest Highschool in Houston,https://t.co/49FOxhYVB4,,
Lat,Lon,Description,Link,,
32.876795,-83.483814,Police responding to reports of gunfire at Southlake Mall in Georgia,https://t.co/a0jW4tQakg,,
36.270146,-119.650223,Police respond to shots fired in downtown San Francisco,https://t.co/AsReTo6fTX,,
36.270146,-119.650223,Los Angeles Fire Department responding to a confirmed explosion,https://t.co/j4RZsZ0rVp,,
39.356961,-76.9165257,Major fire reported at an Amazon Distribution Facility in north Maryland,https://t.co/VfFh7rOi2j,,
31.21155,-99.087012,Active shooter confirmed at Lackland Air Force Base in southwest San Antonio,https://t.co/s2tAWU4bPV,,
31.21155,-99.087012,Police responding to student shot at North Forest Highschool in Houston,https://t.co/49FOxhYVB4,,
Lat,Lon,Description,Link,,
32.876795,-83.483814,Police responding to reports of gunfire at Southlake Mall in Georgia,https://t.co/a0jW4tQakg,,
36.270146,-119.650223,Police respond to shots fired in downtown San Francisco,https://t.co/AsReTo6fTX,,
36.270146,-119.650223,Los Angeles Fire Department responding to a confirmed explosion,https://t.co/j4RZsZ0rVp,,
39.356961,-76.9165257,Major fire reported at an Amazon Distribution Facility in north Maryland,https://t.co/VfFh7rOi2j,,
31.21155,-99.087012,Active shooter confirmed at Lackland Air Force Base in southwest San Antonio,https://t.co/s2tAWU4bPV,,
Lat,Lon,Description,Link,,
32.876795,-83.483814,Police responding to reports of gunfire at Southlake Mall in Georgia,https://t.co/a0jW4tQakg,,
36.270146,-119.650223,Police respond to shots fired in downtown San Francisco,https://t.co/AsReTo6fTX,,
36.270146,-119.650223,Los Angeles Fire Department responding to a confirmed explosion,https://t.co/j4RZsZ0rVp,,
39.356961,-76.9165257,Major fire reported at an Amazon Distribution Facility in north Maryland,https://t.co/VfFh7rOi2j,,
31.21155,-99.087012,Active shooter confirmed at Lackland Air Force Base in southwest San Antonio,https://t.co/s2tAWU4bPV,,
Lat,Lon,Description,Link,,
32.876795,-83.483814,Police responding to reports of gunfire at Southlake Mall in Georgia,https://t.co/a0jW4tQakg,,
36.270146,-119.650223,Police respond to shots fired in downtown San Francisco,https://t.co/AsReTo6fTX,,
36.270146,-119.650223,Los Angeles Fire Department responding to a confirmed explosion,https://t.co/j4RZsZ0rVp,,
39.356961,-76.9165257,Major fire reported at an Amazon Distribution Facility in north Maryland,https://t.co/VfFh7rOi2j,,
31.21155,-99.087012,Active shooter confirmed at Lackland Air Force Base in southwest San Antonio,https://t.co/s2tAWU4bPV,,
Lat,Lon,Description,Link,,
41.242098,-99.318614,Officer requesting immediate backup for shots being fired in Omaha,https://t.co/6XiVjc6WVF,,
32.876795,-83.483814,Police responding to reports of gunfire at Southlake Mall in Georgia,https://t.co/a0jW4tQakg,,
36.270146,-119.650223,Police respond to shots fired in downtown San Francisco,https://t.co/AsReTo6fTX,,
36.270146,-119.650223,Los Angeles Fire Department responding to a confirmed explosion,https://t.co/j4RZsZ0rVp,,
39.356961,-76.9165257,Major fire reported at an Amazon Distribution Facility in north Maryland,https://t.co/VfFh7rOi2j,,
31.21155,-99.087012,Active shooter confirmed at Lackland Air Force Base in southwest San Antonio,https://t.co/s2tAWU4bPV,,
Lat,Lon,Description,Link,,
41.242098,-99.318614,Officer requesting immediate backup for shots being fired in Omaha,https://t.co/6XiVjc6WVF,,
32.876795,-83.483814,Police responding to reports of gunfire at Southlake Mall in Georgia,https://t.co/a0jW4tQakg,,
36.270146,-119.650223,Police respond to shots fired in downtown San Francisco,https://t.co/AsReTo6fTX,,
36.270146,-119.650223,Los Angeles Fire Department responding to a confirmed explosion,https://t.co/j4RZsZ0rVp,,
39.356961,-76.9165257,Major fire reported at an Amazon Distribution Facility in north Maryland,https://t.co/VfFh7rOi2j,,
Lat,Lon,Description,Link,,
41.242098,-99.318614,Officer requesting immediate backup for shots being fired in Omaha,https://t.co/6XiVjc6WVF,,
32.876795,-83.483814,Police responding to reports of gunfire at Southlake Mall in Georgia,https://t.co/a0jW4tQakg,,
36.270146,-119.650223,Police respond to shots fired in downtown San Francisco,https://t.co/AsReTo6fTX,,
36.270146,-119.650223,Los Angeles Fire Department responding to a confirmed explosion,https://t.co/j4RZsZ0rVp,,
39.356961,-76.9165257,Major fire reported at an Amazon Distribution Facility in north Maryland,https://t.co/VfFh7rOi2j,,
Lat,Lon,Description,Link,,
41.242098,-99.318614,Officer requesting immediate backup for shots being fired in Omaha,https://t.co/6XiVjc6WVF,,
32.876795,-83.483814,Police responding to reports of gunfire at Southlake Mall in Georgia,https://t.co/a0jW4tQakg,,
36.270146,-119.650223,Police respond to shots fired in downtown San Francisco,https://t.co/AsReTo6fTX,,
36.270146,-119.650223,Los Angeles Fire Department responding to a confirmed explosion,https://t.co/j4RZsZ0rVp,,
39.356961,-76.9165257,Major fire reported at an Amazon Distribution Facility in north Maryland,https://t.co/VfFh7rOi2j,,
Lat,Lon,Description,Link,,
41.242098,-99.318614,Officer requesting immediate backup for shots being fired in Omaha,https://t.co/6XiVjc6WVF,,
32.876795,-83.483814,Police responding to reports of gunfire at Southlake Mall in Georgia,https://t.co/a0jW4tQakg,,
36.270146,-119.650223,Police respond to shots fired in downtown San Francisco,https://t.co/AsReTo6fTX,,
36.270146,-119.650223,Los Angeles Fire Department responding to a confirmed explosion,https://t.co/j4RZsZ0rVp,,
39.356961,-76.9165257,Major fire reported at an Amazon Distribution Facility in north Maryland,https://t.co/VfFh7rOi2j,,
Lat,Lon,Description,Link,,
41.242098,-99.318614,Officer requesting immediate backup for shots being fired in Omaha,https://t.co/6XiVjc6WVF,,
32.876795,-83.483814,Police responding to reports of gunfire at Southlake Mall in Georgia,https://t.co/a0jW4tQakg,,
36.270146,-119.650223,Police respond to shots fired in downtown San Francisco,https://t.co/AsReTo6fTX,,
36.270146,-119.650223,Los Angeles Fire Department responding to a confirmed explosion,https://t.co/j4RZsZ0rVp,,
39.356961,-76.9165257,Major fire reported at an Amazon Distribution Facility in north Maryland,https://t.co/VfFh7rOi2j,,
Lat,Lon,Description,Link,,
41.242098,-99.318614,Officer requesting immediate backup for shots being fired in Omaha,https://t.co/6XiVjc6WVF,,
32.876795,-83.483814,Police responding to reports of gunfire at Southlake Mall in Georgia,https://t.co/a0jW4tQakg,,
36.270146,-119.650223,Police respond to shots fired in downtown San Francisco,https://t.co/AsReTo6fTX,,
36.270146,-119.650223,Los Angeles Fire Department responding to a confirmed explosion,https://t.co/j4RZsZ0rVp,,
39.356961,-76.9165257,Major fire reported at an Amazon Distribution Facility in north Maryland,https://t.co/VfFh7rOi2j,,
Lat,Lon,Description,Link,,
41.242098,-99.318614,Officer requesting immediate backup for shots being fired in Omaha,https://t.co/6XiVjc6WVF,,
32.876795,-83.483814,Police responding to reports of gunfire at Southlake Mall in Georgia,https://t.co/a0jW4tQakg,,
36.270146,-119.650223,Police respond to shots fired in downtown San Francisco,https://t.co/AsReTo6fTX,,
36.270146,-119.650223,Los Angeles Fire Department responding to a confirmed explosion,https://t.co/j4RZsZ0rVp,,
39.356961,-76.9165257,Major fire reported at an Amazon Distribution Facility in north Maryland,https://t.co/VfFh7rOi2j,,
Lat,Lon,Description,Link,,
41.242098,-99.318614,Officer requesting immediate backup for shots being fired in Omaha,https://t.co/6XiVjc6WVF,,
32.876795,-83.483814,Police responding to reports of gunfire at Southlake Mall in Georgia,https://t.co/a0jW4tQakg,,
36.270146,-119.650223,Police respond to shots fired in downtown San Francisco,https://t.co/AsReTo6fTX,,
36.270146,-119.650223,Los Angeles Fire Department responding to a confirmed explosion,https://t.co/j4RZsZ0rVp,,
39.356961,-76.9165257,Major fire reported at an Amazon Distribution Facility in north Maryland,https://t.co/VfFh7rOi2j,,
Lat,Lon,Description,Link,,
41.242098,-99.318614,Officer requesting immediate backup for shots being fired in Omaha,https://t.co/6XiVjc6WVF,,
32.876795,-83.483814,Police responding to reports of gunfire at Southlake Mall in Georgia,https://t.co/a0jW4tQakg,,
36.270146,-119.650223,Police respond to shots fired in downtown San Francisco,https://t.co/AsReTo6fTX,,
36.270146,-119.650223,Los Angeles Fire Department responding to a confirmed explosion,https://t.co/j4RZsZ0rVp,,
39.356961,-76.9165257,Major fire reported at an Amazon Distribution Facility in north Maryland,https://t.co/VfFh7rOi2j,,
Lat,Lon,Description,Link,,
41.242098,-99.318614,Officer requesting immediate backup for shots being fired in Omaha,https://t.co/6XiVjc6WVF,,
32.876795,-83.483814,Police responding to reports of gunfire at Southlake Mall in Georgia,https://t.co/a0jW4tQakg,,
36.270146,-119.650223,Police respond to shots fired in downtown San Francisco,https://t.co/AsReTo6fTX,,
36.270146,-119.650223,Los Angeles Fire Department responding to a confirmed explosion,https://t.co/j4RZsZ0rVp,,
39.356961,-76.9165257,Major fire reported at an Amazon Distribution Facility in north Maryland,https://t.co/VfFh7rOi2j,,
Lat,Lon,Description,Link,,
41.242098,-99.318614,Officer requesting immediate backup for shots being fired in Omaha,https://t.co/6XiVjc6WVF,,
32.876795,-83.483814,Police responding to reports of gunfire at Southlake Mall in Georgia,https://t.co/a0jW4tQakg,,
36.270146,-119.650223,Police respond to shots fired in downtown San Francisco,https://t.co/AsReTo6fTX,,
36.270146,-119.650223,Los Angeles Fire Department responding to a confirmed explosion,https://t.co/j4RZsZ0rVp,,
39.356961,-76.9165257,Major fire reported at an Amazon Distribution Facility in north Maryland,https://t.co/VfFh7rOi2j,,
Lat,Lon,Description,Link,,
41.242098,-99.318614,Officer requesting immediate backup for shots being fired in Omaha,https://t.co/6XiVjc6WVF,,
32.876795,-83.483814,Police responding to reports of gunfire at Southlake Mall in Georgia,https://t.co/a0jW4tQakg,,
36.270146,-119.650223,Police respond to shots fired in downtown San Francisco,https://t.co/AsReTo6fTX,,
36.270146,-119.650223,Los Angeles Fire Department responding to a confirmed explosion,https://t.co/j4RZsZ0rVp,,
39.356961,-76.9165257,Major fire reported at an Amazon Distribution Facility in north Maryland,https://t.co/VfFh7rOi2j,,
Lat,Lon,Description,Link,,
41.242098,-99.318614,Officer requesting immediate backup for shots being fired in Omaha,https://t.co/6XiVjc6WVF,,
32.876795,-83.483814,Police responding to reports of gunfire at Southlake Mall in Georgia,https://t.co/a0jW4tQakg,,
36.270146,-119.650223,Police respond to shots fired in downtown San Francisco,https://t.co/AsReTo6fTX,,
36.270146,-119.650223,Los Angeles Fire Department responding to a confirmed explosion,https://t.co/j4RZsZ0rVp,,
39.356961,-76.9165257,Major fire reported at an Amazon Distribution Facility in north Maryland,https://t.co/VfFh7rOi2j,,
Lat,Lon,Description,Link,,
41.242098,-99.318614,Officer requesting immediate backup for shots being fired in Omaha,https://t.co/6XiVjc6WVF,,
32.876795,-83.483814,Police responding to reports of gunfire at Southlake Mall in Georgia,https://t.co/a0jW4tQakg,,
36.270146,-119.650223,Police respond to shots fired in downtown San Francisco,https://t.co/AsReTo6fTX,,
36.270146,-119.650223,Los Angeles Fire Department responding to a confirmed explosion,https://t.co/j4RZsZ0rVp,,
39.356961,-76.9165257,Major fire reported at an Amazon Distribution Facility in north Maryland,https://t.co/VfFh7rOi2j,,
Lat,Lon,Description,Link,,
41.242098,-99.318614,Officer requesting immediate backup for shots being fired in Omaha,https://t.co/6XiVjc6WVF,,
32.876795,-83.483814,Police responding to reports of gunfire at Southlake Mall in Georgia,https://t.co/a0jW4tQakg,,
36.270146,-119.650223,Police respond to shots fired in downtown San Francisco,https://t.co/AsReTo6fTX,,
36.270146,-119.650223,Los Angeles Fire Department responding to a confirmed explosion,https://t.co/j4RZsZ0rVp,,
39.356961,-76.9165257,Major fire reported at an Amazon Distribution Facility in north Maryland,https://t.co/VfFh7rOi2j,,
Lat,Lon,Description,Link,,
41.242098,-99.318614,Officer requesting immediate backup for shots being fired in Omaha,https://t.co/6XiVjc6WVF,,
32.876795,-83.483814,Police responding to reports of gunfire at Southlake Mall in Georgia,https://t.co/a0jW4tQakg,,
36.270146,-119.650223,Police respond to shots fired in downtown San Francisco,https://t.co/AsReTo6fTX,,
36.270146,-119.650223,Los Angeles Fire Department responding to a confirmed explosion,https://t.co/j4RZsZ0rVp,,
39.356961,-76.9165257,Major fire reported at an Amazon Distribution Facility in north Maryland,https://t.co/VfFh7rOi2j,,
Lat,Lon,Description,Link,,
41.242098,-99.318614,Officer requesting immediate backup for shots being fired in Omaha,https://t.co/6XiVjc6WVF,,
32.876795,-83.483814,Police responding to reports of gunfire at Southlake Mall in Georgia,https://t.co/a0jW4tQakg,,
36.270146,-119.650223,Police respond to shots fired in downtown San Francisco,https://t.co/AsReTo6fTX,,
36.270146,-119.650223,Los Angeles Fire Department responding to a confirmed explosion,https://t.co/j4RZsZ0rVp,,
39.356961,-76.9165257,Major fire reported at an Amazon Distribution Facility in north Maryland,https://t.co/VfFh7rOi2j,,
Lat,Lon,Description,Link,,
41.242098,-99.318614,Officer requesting immediate backup for shots being fired in Omaha,https://t.co/6XiVjc6WVF,,
32.876795,-83.483814,Police responding to reports of gunfire at Southlake Mall in Georgia,https://t.co/a0jW4tQakg,,
36.270146,-119.650223,Police respond to shots fired in downtown San Francisco,https://t.co/AsReTo6fTX,,
36.270146,-119.650223,Los Angeles Fire Department responding to a confirmed explosion,https://t.co/j4RZsZ0rVp,,
39.356961,-76.9165257,Major fire reported at an Amazon Distribution Facility in north Maryland,https://t.co/VfFh7rOi2j,,
38.492,-121.824,The  Drought alert level is Green.,https://www.gdacs.org/report.aspx?eventtype=DR&eventid=1014821,1.0,1.0
-18.807,47.77,The  Drought alert level is Red.,https://www.gdacs.org/report.aspx?eventtype=DR&eventid=1014495,3.0,3.0
47.786,-100.559,The  Drought alert level is Green.,https://www.gdacs.org/report.aspx?eventtype=DR&eventid=1014320,1.0,1.0
-43.221,-70.476,The  Drought alert level is Green.,https://www.gdacs.org/report.aspx?eventtype=DR&eventid=1014465,1.0,1.0
35.549,44.727,The  Drought alert level is Orange.,https://www.gdacs.org/report.aspx?eventtype=DR&eventid=1014392,2.0,2.0
35.45,58.013,The  Drought alert level is Orange.,https://www.gdacs.org/report.aspx?eventtype=DR&eventid=1014473,2.0,2.0
-20.037,-53.154,The  Drought alert level is Orange.,https://www.gdacs.org/report.aspx?eventtype=DR&eventid=1013868,2.0,2.0
23.8731,121.5784,"On 6/11/2021 7:33:25 AM, an earthquake occurred in China potentially affecting 3130000 people within 100km. The earthquake had Magnitude 5.2M, Depth:7.38km.",https://www.gdacs.org/report.aspx?eventtype=EQ&eventid=1272628,1.0,1.0
-6.0048,146.2707,"On 6/11/2021 7:00:50 AM, an earthquake occurred in Papua New Guinea potentially affecting 750000 people within 100km. The earthquake had Magnitude 5.1M, Depth:107.72km.",https://www.gdacs.org/report.aspx?eventtype=EQ&eventid=1272625,1.0,1.0
23.8475,121.6009,"On 6/11/2021 5:12:48 AM, an earthquake occurred in China potentially affecting 2340000 people within 100km. The earthquake had Magnitude 4.9M, Depth:4.26km.",https://www.gdacs.org/report.aspx?eventtype=EQ&eventid=1272617,1.0,1.0
0.0496,124.2913,"On 6/11/2021 2:23:43 AM, an earthquake occurred in Indonesia potentially affecting 440000 people within 100km. The earthquake had Magnitude 5.5M, Depth:63.96km.",https://www.gdacs.org/report.aspx?eventtype=EQ&eventid=1272604,1.0,1.0
8.961,-85.423,"On 6/10/2021 11:27:02 PM, an earthquake occurred in Costa Rica potentially affecting About 14000 people within 100km. The earthquake had Magnitude 5.7M, Depth:10km.",https://www.gdacs.org/report.aspx?eventtype=EQ&eventid=1272576,1.0,1.0
-28.093,-70.7887,"On 6/10/2021 4:43:52 PM, an earthquake occurred in Chile potentially affecting 240000 people within 100km. The earthquake had Magnitude 4.6M, Depth:52.32km.",https://www.gdacs.org/report.aspx?eventtype=EQ&eventid=1272542,1.0,1.0
